{
  "generated_by": {
    "program": "augur",
    "version": "13.1.0"
  },
  "nodes": {
    "Australia/VIC05/2020": {
      "mutational_fitness": 0.21572067
    },
    "Australia/VIC1018/2020": {
      "mutational_fitness": 0.29142822
    },
    "Australia/VIC1038/2020": {
      "mutational_fitness": 0.346679
    },
    "Australia/VIC1045/2020": {
      "mutational_fitness": 0.3146759
    },
    "Australia/VIC1048/2020": {
      "mutational_fitness": 0.298559
    },
    "Australia/VIC1062/2020": {
      "mutational_fitness": 0.298559
    },
    "Australia/VIC1120/2020": {
      "mutational_fitness": 0.3146759
    },
    "Australia/VIC1135/2020": {
      "mutational_fitness": 0.312073807
    },
    "Australia/VIC1139/2020": {
      "mutational_fitness": 0.3116759
    },
    "Australia/VIC1175/2020": {
      "mutational_fitness": 0.30749445000000003
    },
    "Australia/VIC1186/2020": {
      "mutational_fitness": 0.295559
    },
    "Australia/VIC1208/2020": {
      "mutational_fitness": 0.3146759
    },
    "Australia/VIC1251/2020": {
      "mutational_fitness": 0.33790766
    },
    "Australia/VIC127/2020": {
      "mutational_fitness": 0.20034699999999997
    },
    "Australia/VIC14/2020": {
      "mutational_fitness": 0.0
    },
    "Australia/VIC259/2020": {
      "mutational_fitness": 0.3116759
    },
    "Australia/VIC302/2020": {
      "mutational_fitness": 0.29142822
    },
    "Australia/VIC312/2020": {
      "mutational_fitness": 0.29142822
    },
    "Australia/VIC329/2020": {
      "mutational_fitness": 0.298559
    },
    "Australia/VIC385/2020": {
      "mutational_fitness": 0.30721489999999996
    },
    "Australia/VIC47/2020": {
      "mutational_fitness": 0.19734699999999997
    },
    "Australia/VIC498/2020": {
      "mutational_fitness": 0.3026368
    },
    "Australia/VIC534/2020": {
      "mutational_fitness": 0.298559
    },
    "Australia/VIC616/2020": {
      "mutational_fitness": 0.34987569
    },
    "Australia/VIC645/2020": {
      "mutational_fitness": 0.260784908
    },
    "Australia/VIC716/2020": {
      "mutational_fitness": 0.306757285
    },
    "Australia/VIC73/2020": {
      "mutational_fitness": 0.275047114
    },
    "Australia/VIC734/2020": {
      "mutational_fitness": 0.21572067
    },
    "Australia/VIC771/2020": {
      "mutational_fitness": 0.2254139
    },
    "Australia/VIC797/2020": {
      "mutational_fitness": 0.298559
    },
    "Australia/VIC800/2020": {
      "mutational_fitness": 0.298559
    },
    "Australia/VIC803/2020": {
      "mutational_fitness": 0.298559
    },
    "Australia/VIC824/2020": {
      "mutational_fitness": 0.30393299
    },
    "Australia/VIC851/2020": {
      "mutational_fitness": 0.343679
    },
    "Australia/VIC927/2020": {
      "mutational_fitness": 0.3116759
    },
    "Australia/VIC962/2020": {
      "mutational_fitness": 0.3258724
    },
    "Australia/VIC969/2020": {
      "mutational_fitness": 0.128009
    },
    "Australia/VIC975/2020": {
      "mutational_fitness": 0.298559
    },
    "China/Beijing_IME-BJ05/2020": {
      "mutational_fitness": 0.00834275
    },
    "China/WHUHnCoV020/2020": {
      "mutational_fitness": 0.231623
    },
    "China/Wuhan_YB012611/2020": {
      "mutational_fitness": -0.006
    },
    "ENV/USA/UF-11/2020": {
      "mutational_fitness": 0.21572067
    },
    "France/10006HC/2020": {
      "mutational_fitness": 0.298559
    },
    "France/10015BY/2020": {
      "mutational_fitness": 0.3146759
    },
    "France/10023FD/2020": {
      "mutational_fitness": 0.3116759
    },
    "France/10041MR/2020": {
      "mutational_fitness": 0.2633736
    },
    "France/10045DZ/2020": {
      "mutational_fitness": 0.40678702000000005
    },
    "France/10060KV/2020": {
      "mutational_fitness": 0.0
    },
    "France/10068ND/2020": {
      "mutational_fitness": 0.128009
    },
    "France/10078MA/2020": {
      "mutational_fitness": 0.298559
    },
    "France/40003KA/2020": {
      "mutational_fitness": 0.3146759
    },
    "France/50001AR/2020": {
      "mutational_fitness": 0.3056759
    },
    "Germany/BavPat1-ChVir929/2020": {
      "mutational_fitness": 0.128009
    },
    "Germany/BavPat3-ChVir1020/2020": {
      "mutational_fitness": 0.128009
    },
    "Greece/139_32716/2020": {
      "mutational_fitness": 0.346679
    },
    "Greece/209_33926/2020": {
      "mutational_fitness": 0.346443522
    },
    "Greece/222_33921/2020": {
      "mutational_fitness": 0.346679
    },
    "Greece/226_35576/2020": {
      "mutational_fitness": 0.20634699999999997
    },
    "Greece/227_35969/2020": {
      "mutational_fitness": 0.346679
    },
    "Greece/246_32206/2020": {
      "mutational_fitness": 0.32408791
    },
    "Greece/248_32261/2020": {
      "mutational_fitness": 0.3198724
    },
    "Greece/259_31928/2020": {
      "mutational_fitness": 0.346679
    },
    "Greece/37_35684/2020": {
      "mutational_fitness": 0.346679
    },
    "Greece/41_36861/2020": {
      "mutational_fitness": 0.2803027
    },
    "Guam/GU-NHG-01/2020": {
      "mutational_fitness": 0.2573736
    },
    "Hangzhou/HZ-1/2020": {
      "mutational_fitness": 0.0
    },
    "India/GBRC14/2020": {
      "mutational_fitness": 0.2603736
    },
    "India/GBRC20/2020": {
      "mutational_fitness": 0.3228724
    },
    "India/GBRC21/2020": {
      "mutational_fitness": 0.31045910000000004
    },
    "India/GBRC26/2020": {
      "mutational_fitness": 0.5625244
    },
    "India/GBRC29/2020": {
      "mutational_fitness": 0.298559
    },
    "India/GBRC51/2020": {
      "mutational_fitness": 0.39319970000000004
    },
    "India/GBRC56a/2020": {
      "mutational_fitness": 0.330946833
    },
    "India/GBRC8/2020": {
      "mutational_fitness": 0.3827647
    },
    "India/GBRC85/2020": {
      "mutational_fitness": 0.38991534
    },
    "India/GBRC88a/2020": {
      "mutational_fitness": 0.298559
    },
    "India/GBRC9/2020": {
      "mutational_fitness": 0.3033081
    },
    "India/GBRC96/2020": {
      "mutational_fitness": 0.28869318000000005
    },
    "India/GBRC97a/2020": {
      "mutational_fitness": 0.469096119
    },
    "India/GMC-KP1125/2020": {
      "mutational_fitness": 0.3258724
    },
    "India/GMCKN318/2020": {
      "mutational_fitness": 0.298559
    },
    "India/GMCTC469/2020": {
      "mutational_fitness": 0.346679
    },
    "India/nimh-2873/2020": {
      "mutational_fitness": 0.18096518899999997
    },
    "India/nimh-3952/2020": {
      "mutational_fitness": 0.28950031
    },
    "Iran/HGRC-1.1-IPI-8206/2020": {
      "mutational_fitness": 0.22119818
    },
    "Jamaica/JM-CDC-7286/2020": {
      "mutational_fitness": 0.3146759
    },
    "Japan/P4-6/2020": {
      "mutational_fitness": 0.346679
    },
    "Malaysia/189332/2020": {
      "mutational_fitness": 0.280449
    },
    "NODE_0000000": {
      "mutational_fitness": 0.0
    },
    "NODE_0000004": {
      "mutational_fitness": 0.27058035999999996
    },
    "NODE_0000005": {
      "mutational_fitness": 0.0
    },
    "NODE_0000006": {
      "mutational_fitness": 0.2254139
    },
    "NODE_0000009": {
      "mutational_fitness": 0.234623
    },
    "NODE_0000010": {
      "mutational_fitness": 0.27058035999999996
    },
    "NODE_0000011": {
      "mutational_fitness": 0.2633736
    },
    "NODE_0000016": {
      "mutational_fitness": 0.0
    },
    "NODE_0000018": {
      "mutational_fitness": 0.234623
    },
    "NODE_0000019": {
      "mutational_fitness": 0.21572067
    },
    "NODE_0000020": {
      "mutational_fitness": 0.27058035999999996
    },
    "NODE_0000021": {
      "mutational_fitness": 0.27058035999999996
    },
    "NODE_0000024": {
      "mutational_fitness": 0.21572067
    },
    "NODE_0000025": {
      "mutational_fitness": 0.21572067
    },
    "NODE_0000026": {
      "mutational_fitness": 0.21572067
    },
    "NODE_0000027": {
      "mutational_fitness": 0.21572067
    },
    "NODE_0000028": {
      "mutational_fitness": 0.21572067
    },